word,overlap_ratio
apple,0.14285714285714285
fish,0.2
pig,0.1111111111111111
duck,0.125
chair,0.0
milk,0.16666666666666666
monkey,0.2727272727272727
cup,0.125
frog,0.09090909090909091
book,0.0
elephant,0.2
puppy,0.0
ball,0.0
bear,0.18181818181818182
water,0.2
spoon,0.0
giraffe,0.3
baby,0.0
cow,0.18181818181818182
car,0.3333333333333333
dog,0.0
cat,0.0
train,0.2
truck,0.3333333333333333
bottle,0.25
egg,0.0
block,0.0
